{"0": [[0.5, 0.5399999618530273, 0.4699999988079071, 0.5600000023841858, 0.4899999797344208, 0.47999998927116394, 0.5, 0.5, 0.5, 0.5399999618530273, 0.5299999713897705, 0.5399999618530273, 0.47999998927116394, 0.5600000023841858, 0.5299999713897705, 0.550000011920929, 0.5399999618530273, 0.4699999988079071, 0.429999977350235, 0.44999998807907104, 0.5199999809265137, 0.5299999713897705, 0.550000011920929, 0.5299999713897705, 0.4699999988079071, 0.5600000023841858, 0.3799999952316284, 0.5299999713897705, 0.5399999618530273, 0.47999998927116394, 0.4899999797344208, 0.5099999904632568, 0.47999998927116394, 0.5600000023841858], [0.0, 0.0, 0.0, 0.0, 0.0, 0.0, 0.0, 0.0, 0.0, 0.0, 0.0, 0.0, 0.0, 0.0, 0.0, 0.0, 0.0, 0.0, 0.0, 0.0, 0.0, 0.0, 0.0, 0.0, 0.0, 0.0, 0.0, 0.0, 0.0, 0.0, 0.0, 0.0, 0.0, 0.0]], "1": [[0.4999999701976776, 0.08999999612569809, 0.0, 0.0, 0.0, 0.0, 0.0, 0.0, 0.0, 0.0, 0.0, 0.0, 0.0, 0.0, 0.0, 0.0, 0.0, 0.0, 0.0, 0.0, 0.0, 0.0, 0.0, 0.0, 0.0, 0.0, 0.0, 0.0, 0.0, 0.0, 0.0, 0.0, 0.0, 0.0], [0.07999999821186066, 0.4399999976158142, 0.5099999904632568, 0.4399999976158142, 0.5099999904632568, 0.5199999809265137, 0.5, 0.5, 0.5, 0.4599999785423279, 0.4699999988079071, 0.4599999785423279, 0.5199999809265137, 0.4399999976158142, 0.4699999988079071, 0.44999998807907104, 0.4599999785423279, 0.5299999713897705, 0.5699999928474426, 0.550000011920929, 0.47999998927116394, 0.4699999988079071, 0.44999998807907104, 0.4699999988079071, 0.5299999713897705, 0.4399999976158142, 0.6200000047683716, 0.4699999988079071, 0.4599999785423279, 0.5199999809265137, 0.5099999904632568, 0.4899999797344208, 0.5199999809265137, 0.4399999976158142]], "2": [[0.5, 0.5399999618530273, 0.4699999988079071, 0.5600000023841858, 0.4899999797344208, 0.47999998927116394, 0.5, 0.5, 0.5, 0.35999998450279236, 0.07999999821186066, 0.019999999552965164, 0.009999999776482582, 0.0, 0.0, 0.0, 0.0, 0.0, 0.0, 0.0, 0.0, 0.0, 0.0, 0.0, 0.0, 0.0, 0.0, 0.0, 0.0, 0.0, 0.0, 0.0, 0.0, 0.0], [0.0, 0.0, 0.0, 0.0, 0.0, 0.0, 0.0, 0.0, 0.0, 0.17999999225139618, 0.41999998688697815, 0.44999998807907104, 0.5199999809265137, 0.4399999976158142, 0.4599999785423279, 0.44999998807907104, 0.4599999785423279, 0.5299999713897705, 0.5699999928474426, 0.550000011920929, 0.47999998927116394, 0.4699999988079071, 0.44999998807907104, 0.4699999988079071, 0.5299999713897705, 0.4399999976158142, 0.6200000047683716, 0.4699999988079071, 0.4599999785423279, 0.5199999809265137, 0.5099999904632568, 0.4899999797344208, 0.5199999809265137, 0.4399999976158142]], "3": [[0.5, 0.5399999618530273, 0.4699999988079071, 0.5600000023841858, 0.4899999797344208, 0.47999998927116394, 0.5, 0.5, 0.5, 0.5399999618530273, 0.5299999713897705, 0.5399999618530273, 0.47999998927116394, 0.5600000023841858, 0.5299999713897705, 0.550000011920929, 0.5399999618530273, 0.4699999988079071, 0.429999977350235, 0.44999998807907104, 0.5199999809265137, 0.5299999713897705, 0.550000011920929, 0.5299999713897705, 0.4699999988079071, 0.5600000023841858, 0.3799999952316284, 0.5299999713897705, 0.5399999618530273, 0.47999998927116394, 0.4899999797344208, 0.5099999904632568, 0.47999998927116394, 0.5600000023841858], [0.0, 0.0, 0.0, 0.0, 0.0, 0.0, 0.0, 0.0, 0.0, 0.0, 0.0, 0.0, 0.0, 0.0, 0.0, 0.0, 0.0, 0.0, 0.0, 0.0, 0.0, 0.0, 0.0, 0.0, 0.0, 0.0, 0.0, 0.0, 0.0, 0.0, 0.0, 0.0, 0.0, 0.0]], "4": [[0.5, 0.5399999618530273, 0.4699999988079071, 0.5600000023841858, 0.4899999797344208, 0.47999998927116394, 0.5, 0.5, 0.5, 0.5399999618530273, 0.5299999713897705, 0.47999998927116394, 0.3400000035762787, 0.08999999612569809, 0.0, 0.0, 0.0, 0.0, 0.0, 0.0, 0.0, 0.0, 0.0, 0.0, 0.0, 0.0, 0.0, 0.0, 0.0, 0.0, 0.0, 0.0, 0.0, 0.0], [0.0, 0.0, 0.0, 0.0, 0.0, 0.0, 0.0, 0.0, 0.0, 0.0, 0.0, 0.019999999552965164, 0.17000000178813934, 0.3199999928474426, 0.44999998807907104, 0.44999998807907104, 0.4599999785423279, 0.5299999713897705, 0.5699999928474426, 0.550000011920929, 0.47999998927116394, 0.4699999988079071, 0.44999998807907104, 0.4699999988079071, 0.5299999713897705, 0.4399999976158142, 0.6200000047683716, 0.4699999988079071, 0.4599999785423279, 0.5199999809265137, 0.5099999904632568, 0.4899999797344208, 0.5199999809265137, 0.4399999976158142]], "5": [[0.5, 0.5399999618530273, 0.4699999988079071, 0.5600000023841858, 0.4899999797344208, 0.47999998927116394, 0.5, 0.5, 0.5, 0.5399999618530273, 0.5299999713897705, 0.5399999618530273, 0.47999998927116394, 0.5600000023841858, 0.5299999713897705, 0.550000011920929, 0.5399999618530273, 0.4699999988079071, 0.429999977350235, 0.44999998807907104, 0.5199999809265137, 0.5299999713897705, 0.550000011920929, 0.5299999713897705, 0.4699999988079071, 0.5600000023841858, 0.3799999952316284, 0.5299999713897705, 0.5199999809265137, 0.47999998927116394, 0.47999998927116394, 0.49000000953674316, 0.4699999988079071, 0.5600000023841858], [0.0, 0.0, 0.0, 0.0, 0.0, 0.0, 0.0, 0.0, 0.0, 0.0, 0.0, 0.0, 0.0, 0.0, 0.0, 0.0, 0.0, 0.0, 0.0, 0.0, 0.0, 0.0, 0.0, 0.0, 0.0, 0.0, 0.0, 0.0, 0.019999999552965164, 0.0, 0.0, 0.009999999776482582, 0.009999999776482582, 0.0]], "6": [[0.5, 0.5399999618530273, 0.4599999785423279, 0.5199999809265137, 0.36000001430511475, 0.14999999105930328, 0.019999999552965164, 0.0, 0.0, 0.0, 0.0, 0.0, 0.0, 0.0, 0.0, 0.0, 0.0, 0.0, 0.0, 0.0, 0.0, 0.0, 0.0, 0.0, 0.0, 0.0, 0.0, 0.0, 0.0, 0.0, 0.0, 0.0, 0.0, 0.0], [0.0, 0.0, 0.0, 0.0, 0.019999999552965164, 0.1599999964237213, 0.429999977350235, 0.4899999797344208, 0.5, 0.4599999785423279, 0.4699999988079071, 0.4599999785423279, 0.5199999809265137, 0.4399999976158142, 0.4699999988079071, 0.44999998807907104, 0.4599999785423279, 0.5299999713897705, 0.5699999928474426, 0.550000011920929, 0.47999998927116394, 0.4699999988079071, 0.44999998807907104, 0.4699999988079071, 0.5299999713897705, 0.4399999976158142, 0.6200000047683716, 0.4699999988079071, 0.4599999785423279, 0.5199999809265137, 0.5099999904632568, 0.4899999797344208, 0.5199999809265137, 0.4399999976158142]], "7": [[0.04999999701976776, 0.04000000283122063, 0.03999999910593033, 0.019999999552965164, 0.0, 0.0, 0.009999999776482582, 0.0, 0.0, 0.009999999776482582, 0.0, 0.0, 0.0, 0.0, 0.0, 0.0, 0.0, 0.0, 0.0, 0.0, 0.0, 0.0, 0.0, 0.0, 0.0, 0.0, 0.0, 0.0, 0.0, 0.0, 0.0, 0.0, 0.0, 0.0], [0.0, 0.030000001192092896, 0.28999999165534973, 0.3099999725818634, 0.4599999785423279, 0.4899999797344208, 0.5, 0.4899999797344208, 0.5, 0.44999998807907104, 0.4699999988079071, 0.44999998807907104, 0.5199999809265137, 0.4399999976158142, 0.4599999785423279, 0.44999998807907104, 0.4599999785423279, 0.5299999713897705, 0.5699999928474426, 0.550000011920929, 0.47999998927116394, 0.4699999988079071, 0.44999998807907104, 0.4699999988079071, 0.5299999713897705, 0.4399999976158142, 0.6200000047683716, 0.4699999988079071, 0.4599999785423279, 0.5199999809265137, 0.5099999904632568, 0.4899999797344208, 0.5199999809265137, 0.4399999976158142]]}